{"cameraMode":{"drawMode":0,"name":"Shaded","section":"Shading Mode"},"sceneLighting":true,"audioPlay":false,"sceneViewState":{"showFog":true,"showMaterialUpdate":false,"showSkybox":true,"showFlares":true,"showImageEffects":true,"showParticleSystems":true},"in2DMode":false,"pivot":{"x":0.0,"y":1.7899999618530274,"z":-1.3700000047683716},"rotation":{"x":0.04151947796344757,"y":0.9479983448982239,"z":-0.2833188772201538,"w":0.13922670483589173},"size":1429.021240234375,"orthographic":true}